filename,value
03-1-01.png,0.000003
03-1-02.png,0.0044792
03-1-03.png,0.0099602
03-1-04.png,0.0161253
03-1-05.png,0.0231412
03-1-06.png,0.0312024
03-1-07.png,0.040608
03-1-08.png,0.051743
03-1-09.png,0.065431
03-1-11.png,0.101593
03-1-12.png,0.122271
03-1-13.png,0.144482
03-1-14.png,0.161462
03-1-15.png,0.162496
03-1-16.png,0.164969
03-1-17.png,0.166081
03-1-18.png,0.167538
03-1-19.png,0.168575
03-1-20.png,0.170052
03-1-21.png,0.175352
03-1-22.png,0.181942
03-1-23.png,0.187042
03-1-24.png,0.191593
03-1-25.png,0.197692
03-1-27.png,0.209847
03-1-28.png,0.214705
03-1-29.png,0.221181
03-1-30.png,0.229082
03-1-31.png,0.233025
03-1-32.png,0.238236
03-1-33.png,0.244408
03-1-34.png,0.251272
03-1-35.png,0.259837
03-1-36.png,0.267695
03-1-37.png,0.277065
03-1-38.png,0.28309
03-1-39.png,0.29005
03-1-40.png,0.297566
03-1-41.png,0.307168
03-1-42.png,0.314679
03-1-43.png,0.326533
03-1-44.png,0.335385
03-1-45.png,0.345088
03-1-46.png,0.354816
04-1-01.png,0.000001
04-1-02.png,0.0031859
04-1-03.png,0.0072884
04-1-04.png,0.0119952
04-1-05.png,0.0172031
04-1-07.png,0.028893
04-1-08.png,0.035427
04-1-11.png,0.060124
04-1-13.png,0.078178
04-1-14.png,0.079316
04-1-15.png,0.079985
04-1-16.png,0.080611
04-1-17.png,0.081137
04-1-18.png,0.081741
04-1-19.png,0.082267
04-1-20.png,0.082823
04-1-21.png,0.085218
04-1-22.png,0.087858
04-1-23.png,0.090525
04-1-24.png,0.093246
04-1-25.png,0.095909
04-1-26.png,0.098653
04-1-27.png,0.101573
04-1-28.png,0.104246
04-1-29.png,0.106645
04-1-30.png,0.109469
04-1-31.png,0.112629
04-1-32.png,0.11578
04-1-33.png,0.1184
04-1-34.png,0.121019
04-1-35.png,0.123383
04-1-36.png,0.126929
04-1-38.png,0.133147
04-1-39.png,0.135939
04-1-40.png,0.139856
04-1-42.png,0.146814
04-1-43.png,0.150022
04-1-44.png,0.153611
05-1-01.png,-0.0000007
05-1-02.png,0.002333
05-1-03.png,0.0054101
05-1-04.png,0.0090944
05-1-05.png,0.0132417
05-1-06.png,0.0177005
05-1-08.png,0.027397
05-1-09.png,0.032666
05-1-10.png,0.038235
05-1-11.png,0.044177
05-1-12.png,0.050488
05-1-13.png,0.052677
05-1-14.png,0.053022
05-1-15.png,0.053301
05-1-17.png,0.053907
05-1-18.png,0.05417
05-1-20.png,0.0547
05-1-21.png,0.055884
05-1-22.png,0.05712
05-1-23.png,0.058373
05-1-25.png,0.060945
05-1-26.png,0.062248
05-1-27.png,0.06355
05-1-28.png,0.064807
05-1-29.png,0.066165
05-1-30.png,0.067556
05-1-31.png,0.069007
05-1-32.png,0.070432
05-1-33.png,0.071982
05-1-34.png,0.073658
05-1-35.png,0.07518
05-1-36.png,0.076811
05-1-37.png,0.078365
05-1-38.png,0.080035
05-1-39.png,0.081652
05-1-40.png,0.08335
05-1-41.png,0.085023
05-1-42.png,0.086891
05-1-43.png,0.088517
05-1-44.png,0.090206
06-1-01.png,0.0000029
06-1-02.png,0.0046194
06-1-03.png,0.0102597
06-1-04.png,0.0166041
06-1-05.png,0.0237032
06-1-06.png,0.0316625
06-1-07.png,0.040668
06-1-08.png,0.050908
06-1-09.png,0.062693
06-1-10.png,0.076934
06-1-12.png,0.110271
06-1-13.png,0.119379
06-1-14.png,0.119949
06-1-15.png,0.120506
06-1-16.png,0.12099
06-1-17.png,0.121478
06-1-18.png,0.121982
06-1-19.png,0.122629
06-1-20.png,0.123842
06-1-21.png,0.127028
06-1-23.png,0.134097
06-1-24.png,0.13787
06-1-25.png,0.141804
06-1-26.png,0.146223
06-1-27.png,0.149898
06-1-28.png,0.153744
06-1-29.png,0.157056
06-1-30.png,0.161312
06-1-31.png,0.166121
06-1-32.png,0.169609
06-1-33.png,0.174589
06-1-35.png,0.184429
06-1-36.png,0.189945
06-1-37.png,0.193411
06-1-38.png,0.19948
06-1-39.png,0.202822
06-1-41.png,0.215918
06-1-42.png,0.22066
06-1-43.png,0.226691
06-1-44.png,0.234713
06-1-45.png,0.238698
07-1-02.png,0.0032944
07-1-03.png,0.0075149
07-1-04.png,0.0123488
07-1-05.png,0.0177122
07-1-06.png,0.0234709
07-1-07.png,0.029603
07-1-08.png,0.036177
07-1-10.png,0.050892
07-1-11.png,0.059292
07-1-12.png,0.068916
07-1-13.png,0.069792
07-1-14.png,0.070283
07-1-15.png,0.070758
07-1-16.png,0.071147
07-1-17.png,0.071544
07-1-18.png,0.071985
07-1-19.png,0.072447
07-1-20.png,0.072846
07-1-21.png,0.074575
07-1-22.png,0.076371
07-1-23.png,0.078336
07-1-24.png,0.080173
07-1-25.png,0.08209
07-1-26.png,0.084005
07-1-27.png,0.085912
07-1-28.png,0.087806
07-1-29.png,0.09012
07-1-30.png,0.092167
07-1-31.png,0.09416
07-1-32.png,0.096232
07-1-33.png,0.098313
07-1-34.png,0.100432
07-1-35.png,0.102712
07-1-36.png,0.104638
07-1-37.png,0.106658
07-1-38.png,0.109013
07-1-39.png,0.111056
07-1-40.png,0.1135
07-1-42.png,0.11828
07-1-43.png,0.120265
07-1-44.png,0.122712
08-1-01.png,0.000002
08-1-02.png,0.0024421
08-1-03.png,0.0056195
08-1-04.png,0.0094141
08-1-05.png,0.0136841
08-1-06.png,0.0182832
08-1-07.png,0.023168
08-1-08.png,0.028337
08-1-09.png,0.03378
08-1-10.png,0.039533
08-1-12.png,0.052095
08-1-15.png,0.053808
08-1-16.png,0.054071
08-1-17.png,0.054323
08-1-18.png,0.054564
08-1-19.png,0.054807
08-1-20.png,0.055038
08-1-21.png,0.056172
08-1-22.png,0.057333
08-1-23.png,0.058484
08-1-24.png,0.059633
08-1-25.png,0.060706
08-1-26.png,0.061839
08-1-27.png,0.063087
08-1-28.png,0.064235
08-1-29.png,0.065219
08-1-30.png,0.06652
08-1-31.png,0.067695
08-1-32.png,0.068913
08-1-33.png,0.070077
08-1-34.png,0.071225
08-1-35.png,0.072597
08-1-37.png,0.075082
08-1-38.png,0.076274
08-1-39.png,0.07759
08-1-40.png,0.078969
08-1-41.png,0.080491
08-1-42.png,0.081898
08-1-43.png,0.083322
08-1-44.png,0.084725
09-1-01.png,0.0000005
09-1-02.png,0.0042578
09-1-03.png,0.0094952
09-1-04.png,0.015422
09-1-05.png,0.0222155
09-1-06.png,0.030065
09-1-07.png,0.039302
09-1-10.png,0.083245
09-1-11.png,0.10398
09-1-12.png,0.127325
09-1-13.png,0.152059
09-1-14.png,0.178038
09-1-15.png,0.204721
09-1-18.png,0.225236
09-1-19.png,0.226717
09-1-20.png,0.23061
09-1-21.png,0.241788
09-1-23.png,0.258476
09-1-24.png,0.262727
09-1-25.png,0.2722
09-1-26.png,0.290395
09-1-28.png,0.303918
09-1-30.png,0.331624
09-1-32.png,0.355882
09-1-33.png,0.361143
09-1-34.png,0.375909
09-1-35.png,0.383664
09-1-36.png,0.406762
09-1-37.png,0.416043
09-1-38.png,0.422581
09-1-39.png,0.456218
09-1-40.png,0.462684
09-1-41.png,0.479341
09-1-42.png,0.494649
09-1-43.png,0.509116
09-1-44.png,0.537235
09-1-45.png,0.555321
09-1-46.png,0.572566
09-1-47.png,0.596412
11-1-01.png,0
11-1-03.png,0.0051614
11-1-04.png,0.0087185
11-1-05.png,0.012753
11-1-06.png,0.0171046
11-1-07.png,0.021719
11-1-08.png,0.026635
11-1-09.png,0.031795
11-1-10.png,0.037264
11-1-11.png,0.043132
11-1-12.png,0.049469
11-1-13.png,0.053435
11-1-14.png,0.053935
11-1-15.png,0.054342
11-1-17.png,0.054975
11-1-18.png,0.055286
11-1-19.png,0.055607
11-1-20.png,0.055895
11-1-21.png,0.057074
11-1-22.png,0.05873
11-1-23.png,0.060262
11-1-24.png,0.061795
11-1-25.png,0.063338
11-1-26.png,0.065059
11-1-27.png,0.066716
11-1-28.png,0.068495
11-1-29.png,0.070358
11-1-30.png,0.071992
11-1-32.png,0.075856
11-1-33.png,0.077843
11-1-34.png,0.079655
11-1-36.png,0.083748
11-1-37.png,0.085755
11-1-40.png,0.091899
11-1-41.png,0.093836
11-1-42.png,0.096137
11-1-43.png,0.098326
11-1-44.png,0.100327
13-1-01.png,0.0000004
13-1-02.png,0.003596
13-1-03.png,0.0083738
13-1-04.png,0.0139702
13-1-05.png,0.0202504
13-1-06.png,0.0270692
13-1-07.png,0.034417
13-1-08.png,0.042435
13-1-09.png,0.051243
13-1-10.png,0.061856
13-1-12.png,0.089771
13-1-13.png,0.105892
13-1-14.png,0.119307
13-1-15.png,0.120125
13-1-16.png,0.120829
13-1-17.png,0.121599
13-1-18.png,0.122308
13-1-19.png,0.123004
13-1-20.png,0.123707
13-1-21.png,0.128243
13-1-23.png,0.135527
13-1-24.png,0.139664
13-1-25.png,0.14367
13-1-26.png,0.146974
13-1-28.png,0.155365
13-1-29.png,0.159042
13-1-30.png,0.163091
13-1-31.png,0.167121
13-1-32.png,0.171055
13-1-33.png,0.175665
13-1-34.png,0.179377
13-1-35.png,0.183928
13-1-38.png,0.196093
13-1-39.png,0.200663
13-1-40.png,0.20543
13-1-41.png,0.210411
13-1-42.png,0.215325
13-1-43.png,0.219382
13-1-44.png,0.223833
13-1-45.png,0.227897
13-1-46.png,0.234696
14-1-01.png,0.0000003
14-1-02.png,0.0026079
14-1-03.png,0.006115
14-1-04.png,0.0104287
14-1-05.png,0.0153518
14-1-06.png,0.0206885
14-1-07.png,0.026373
14-1-08.png,0.03246
14-1-09.png,0.038918
14-1-10.png,0.045801
14-1-11.png,0.0533
14-1-12.png,0.061681
14-1-13.png,0.070956
14-1-14.png,0.07493
14-1-15.png,0.075581
14-1-16.png,0.076032
14-1-17.png,0.076547
14-1-18.png,0.076955
14-1-19.png,0.077396
14-1-20.png,0.07784
14-1-21.png,0.079867
14-1-22.png,0.081747
14-1-23.png,0.084099
14-1-24.png,0.086375
14-1-25.png,0.08864
14-1-26.png,0.090753
14-1-27.png,0.092824
14-1-28.png,0.095069
14-1-30.png,0.099384
14-1-31.png,0.101572
14-1-32.png,0.103594
14-1-33.png,0.10582
14-1-34.png,0.108225
14-1-35.png,0.110129
14-1-36.png,0.112805
14-1-37.png,0.115089
14-1-38.png,0.117395
14-1-40.png,0.122134
14-1-41.png,0.124584
14-1-42.png,0.126955
14-1-43.png,0.12924
14-1-44.png,0.131843
14-1-45.png,0.134189
15-1-01.png,0.0000026
15-1-02.png,0.0052844
15-1-03.png,0.0119723
15-1-04.png,0.0195994
15-1-05.png,0.0282798
15-1-06.png,0.0379993
15-1-07.png,0.048801
15-1-08.png,0.061695
15-1-09.png,0.077457
15-1-10.png,0.095077
15-1-12.png,0.134699
15-1-15.png,0.180472
15-1-16.png,0.182944
15-1-18.png,0.184542
15-1-19.png,0.185444
15-1-20.png,0.186557
15-1-21.png,0.192315
15-1-22.png,0.197275
15-1-23.png,0.202317
15-1-24.png,0.208035
15-1-25.png,0.213849
15-1-26.png,0.219063
15-1-28.png,0.231915
15-1-29.png,0.237611
15-1-30.png,0.242072
15-1-31.png,0.250123
15-1-32.png,0.25937
15-1-33.png,0.264589
15-1-34.png,0.271713
15-1-35.png,0.278587
15-1-36.png,0.283753
15-1-37.png,0.294325
15-1-38.png,0.30315
15-1-39.png,0.316749
15-1-40.png,0.32234
15-1-41.png,0.338661
15-1-42.png,0.345688
15-1-43.png,0.35634
15-1-44.png,0.37097
15-1-45.png,0.381476
15-1-46.png,0.393439
15-1-47.png,0.40781
16-1-01.png,0.000001
16-1-02.png,0.0036983
16-1-03.png,0.00861
16-1-04.png,0.0143696
16-1-05.png,0.0208611
16-1-06.png,0.027848
16-1-07.png,0.0353
16-1-08.png,0.043368
16-1-09.png,0.052037
16-1-10.png,0.061562
16-1-11.png,0.072543
16-1-12.png,0.085065
16-1-13.png,0.098371
16-1-14.png,0.099918
16-1-15.png,0.100615
16-1-16.png,0.101145
16-1-17.png,0.101623
16-1-18.png,0.102104
16-1-19.png,0.1026
16-1-20.png,0.103103
16-1-21.png,0.105662
16-1-22.png,0.108689
16-1-23.png,0.111163
16-1-25.png,0.116683
16-1-26.png,0.119431
16-1-28.png,0.124956
16-1-29.png,0.127748
16-1-30.png,0.130613
16-1-31.png,0.133905
16-1-32.png,0.136277
16-1-33.png,0.13979
16-1-34.png,0.14245
16-1-35.png,0.14527
16-1-37.png,0.151734
16-1-38.png,0.154432
16-1-40.png,0.161952
16-1-41.png,0.164461
16-1-42.png,0.166985
16-1-43.png,0.1713
16-1-46.png,0.180279
17-1-01.png,0.0000001
17-1-02.png,0.0026838
17-1-03.png,0.0063045
17-1-04.png,0.0107794
17-1-06.png,0.0214989
17-1-07.png,0.027464
17-1-08.png,0.033843
17-1-09.png,0.040597
17-1-11.png,0.055386
17-1-12.png,0.063483
17-1-13.png,0.072192
17-1-14.png,0.073905
17-1-15.png,0.074336
17-1-16.png,0.074701
17-1-17.png,0.075063
17-1-18.png,0.075405
17-1-19.png,0.075761
17-1-21.png,0.077578
17-1-22.png,0.079645
17-1-23.png,0.08139
17-1-24.png,0.083194
17-1-25.png,0.084972
17-1-26.png,0.086746
17-1-28.png,0.090306
17-1-30.png,0.093901
17-1-31.png,0.095882
17-1-32.png,0.097839
17-1-33.png,0.099681
17-1-34.png,0.101489
17-1-35.png,0.103555
17-1-36.png,0.105461
17-1-38.png,0.109271
17-1-39.png,0.11131
17-1-40.png,0.113343
17-1-41.png,0.11531
17-1-42.png,0.11664
18-1-01.png,0.0000017
18-1-02.png,0.0054086
18-1-03.png,0.0120693
18-1-05.png,0.0283632
18-1-06.png,0.038277
18-1-07.png,0.05018
18-1-08.png,0.065754
18-1-09.png,0.086172
18-1-10.png,0.109423
18-1-11.png,0.135234
18-1-12.png,0.16264
18-1-13.png,0.190602
18-1-14.png,0.219513
18-1-15.png,0.249592
18-1-16.png,0.281005
18-1-17.png,0.312916
18-1-18.png,0.346804
18-1-19.png,0.381245
18-1-20.png,0.388464
18-1-21.png,0.411016
18-1-22.png,0.437555
18-1-23.png,0.445936
18-1-24.png,0.47691
18-1-25.png,0.490442
18-1-26.png,0.510421
18-1-27.png,0.534433
18-1-28.png,0.552967
18-1-30.png,0.61542
18-1-32.png,0.666133
18-1-33.png,0.679755
18-1-34.png,0.706758
18-1-35.png,0.730552
18-1-36.png,0.776338
18-1-37.png,0.851685
18-1-38.png,0.866996
18-1-39.png,0.887587
18-1-40.png,0.926413
18-1-41.png,0.968186
18-1-42.png,1.009589
19-1-01.png,0.0000019
19-1-02.png,0.0035639
19-1-03.png,0.0082722
19-1-05.png,0.019997
19-1-06.png,0.026786
19-1-07.png,0.034089
19-1-08.png,0.042112
19-1-09.png,0.051217
19-1-10.png,0.062821
19-1-11.png,0.077826
19-1-12.png,0.094841
19-1-13.png,0.113556
19-1-14.png,0.134318
19-1-15.png,0.151381
19-1-16.png,0.152568
19-1-17.png,0.153661
19-1-18.png,0.154839
19-1-19.png,0.158048
19-1-21.png,0.162962
19-1-22.png,0.169718
19-1-23.png,0.17469
19-1-24.png,0.181144
19-1-25.png,0.186575
19-1-26.png,0.193086
19-1-27.png,0.198933
19-1-28.png,0.203685
19-1-29.png,0.210258
19-1-30.png,0.21531
19-1-31.png,0.222285
19-1-32.png,0.227446
19-1-33.png,0.235059
19-1-34.png,0.240896
19-1-35.png,0.249978
19-1-36.png,0.255905
19-1-37.png,0.262572
19-1-38.png,0.269764
19-1-39.png,0.279104
19-1-40.png,0.284799
19-1-41.png,0.293063
19-1-42.png,0.300131
19-1-43.png,0.305908
19-1-44.png,0.314983
19-1-45.png,0.320679
19-1-46.png,0.328708
20-1-02.png,0.00257
20-1-03.png,0.0060236
20-1-04.png,0.0102773
20-1-05.png,0.015124
20-1-06.png,0.0204119
20-1-07.png,0.026039
20-1-08.png,0.031997
20-1-09.png,0.038308
20-1-11.png,0.052364
20-1-12.png,0.060937
20-1-13.png,0.071024
20-1-14.png,0.07986
20-1-16.png,0.081433
20-1-17.png,0.081946
20-1-20.png,0.083544
20-1-23.png,0.091621
20-1-24.png,0.094264
20-1-25.png,0.0973
20-1-27.png,0.102854
20-1-28.png,0.105453
20-1-29.png,0.108568
20-1-30.png,0.110825
20-1-32.png,0.116472
20-1-33.png,0.119045
20-1-34.png,0.121873
20-1-35.png,0.124743
20-1-36.png,0.12752
20-1-37.png,0.1305
20-1-38.png,0.133453
20-1-39.png,0.135996
20-1-41.png,0.14185
20-1-42.png,0.144667
20-1-43.png,0.147453
20-1-44.png,0.150728
20-1-45.png,0.153631
20-1-46.png,0.156759
21-1-02.png,0.0044936
21-1-03.png,0.01011
21-1-04.png,0.0166317
21-1-05.png,0.0243487
21-1-06.png,0.0335011
21-1-07.png,0.044923
21-1-08.png,0.058878
21-1-09.png,0.076851
21-1-10.png,0.096927
21-1-11.png,0.118589
21-1-12.png,0.141544
21-1-13.png,0.165373
21-1-14.png,0.190134
21-1-15.png,0.206038
21-1-16.png,0.207378
21-1-17.png,0.208588
21-1-18.png,0.209873
21-1-19.png,0.214391
21-1-20.png,0.215268
21-1-21.png,0.220511
21-1-22.png,0.224899
21-1-25.png,0.248844
21-1-26.png,0.254319
21-1-27.png,0.261241
21-1-28.png,0.270076
21-1-29.png,0.279334
21-1-30.png,0.286649
21-1-31.png,0.297334
21-1-32.png,0.302591
21-1-33.png,0.309045
21-1-34.png,0.315371
21-1-35.png,0.327366
21-1-36.png,0.333795
21-1-37.png,0.343765
21-1-38.png,0.355299
21-1-39.png,0.363991
21-1-40.png,0.37508
21-1-41.png,0.383585
21-1-42.png,0.393033
21-1-45.png,0.432614
21-1-46.png,0.446182
21-1-47.png,0.458363
22-1-01.png,0.0000007
22-1-02.png,0.0031867
22-1-03.png,0.0073564
22-1-05.png,0.0176914
22-1-06.png,0.0236999
22-1-07.png,0.030255
22-1-08.png,0.037633
22-1-09.png,0.045997
22-1-10.png,0.056515
22-1-11.png,0.069521
22-1-12.png,0.083989
22-1-13.png,0.096984
22-1-14.png,0.098187
22-1-15.png,0.100073
22-1-16.png,0.101701
22-1-17.png,0.102554
22-1-18.png,0.103361
22-1-19.png,0.103819
22-1-20.png,0.104355
22-1-21.png,0.107165
22-1-22.png,0.111144
22-1-23.png,0.114659
22-1-24.png,0.117664
22-1-25.png,0.120522
22-1-26.png,0.124649
22-1-27.png,0.128018
22-1-28.png,0.131354
22-1-29.png,0.134573
22-1-30.png,0.137884
22-1-31.png,0.141002
22-1-32.png,0.144153
22-1-34.png,0.151862
22-1-35.png,0.156137
22-1-36.png,0.159424
22-1-37.png,0.163009
22-1-38.png,0.166179
22-1-39.png,0.170049
22-1-40.png,0.174171
22-1-41.png,0.177019
22-1-42.png,0.180985
22-1-43.png,0.184828
22-1-44.png,0.189188
22-1-45.png,0.192594
23-1-01.png,0.0000015
23-1-02.png,0.0023343
23-1-03.png,0.0054473
23-1-04.png,0.0092708
23-1-05.png,0.013528
23-1-06.png,0.0181664
23-1-07.png,0.023136
23-1-08.png,0.028507
23-1-09.png,0.034195
23-1-10.png,0.0404
23-1-11.png,0.047054
23-1-12.png,0.054621
23-1-13.png,0.05927
23-1-14.png,0.060192
23-1-15.png,0.06094
23-1-16.png,0.061381
23-1-17.png,0.061949
23-1-19.png,0.062819
23-1-20.png,0.063224
23-1-21.png,0.065344
23-1-22.png,0.067217
23-1-23.png,0.069064
23-1-24.png,0.07087
23-1-25.png,0.072519
23-1-26.png,0.07402
23-1-27.png,0.076245
23-1-28.png,0.078132
23-1-29.png,0.080071
23-1-30.png,0.081962
23-1-31.png,0.083735
23-1-32.png,0.085564
23-1-33.png,0.087234
23-1-34.png,0.088894
23-1-35.png,0.091177
23-1-36.png,0.093074
23-1-37.png,0.095138
23-1-38.png,0.096804
23-1-39.png,0.098591
23-1-41.png,0.102574
23-1-42.png,0.10443
23-1-43.png,0.106363
23-1-45.png,0.110581
24-1-01.png,0.0000005
24-1-02.png,0.004638
24-1-03.png,0.0104351
24-1-04.png,0.0171435
24-1-05.png,0.0248362
24-1-06.png,0.0337202
24-1-07.png,0.044115
24-1-08.png,0.056266
24-1-10.png,0.08791
24-1-12.png,0.125445
24-1-13.png,0.145789
24-1-14.png,0.146487
24-1-15.png,0.147062
24-1-16.png,0.147574
24-1-17.png,0.148426
24-1-18.png,0.148999
24-1-19.png,0.149662
24-1-20.png,0.15019
24-1-21.png,0.153655
24-1-22.png,0.157262
24-1-23.png,0.1625
24-1-24.png,0.166484
24-1-25.png,0.171542
24-1-26.png,0.176757
24-1-27.png,0.181261
24-1-28.png,0.186211
24-1-30.png,0.198506
24-1-31.png,0.201312
24-1-32.png,0.206391
24-1-33.png,0.213601
24-1-34.png,0.217296
24-1-35.png,0.222641
24-1-36.png,0.232237
24-1-37.png,0.237752
24-1-38.png,0.243241
24-1-39.png,0.250256
24-1-40.png,0.254727
24-1-41.png,0.263303
24-1-42.png,0.268893
24-1-43.png,0.27959
24-1-44.png,0.283128
24-1-45.png,0.289315
24-1-46.png,0.299534
25-1-01.png,0.0000014
25-1-02.png,0.0032953
25-1-03.png,0.007609
25-1-04.png,0.0126555
25-1-05.png,0.0182461
25-1-06.png,0.0243903
25-1-07.png,0.030996
25-1-08.png,0.03835
25-1-09.png,0.046407
25-1-10.png,0.055167
25-1-11.png,0.065602
25-1-12.png,0.07801
25-1-13.png,0.082181
25-1-14.png,0.083126
25-1-15.png,0.083789
25-1-16.png,0.08438
25-1-17.png,0.084712
25-1-18.png,0.085394
25-1-19.png,0.085836
25-1-20.png,0.086383
25-1-21.png,0.088193
25-1-22.png,0.090122
25-1-23.png,0.09321
25-1-24.png,0.09488
25-1-25.png,0.09744
25-1-26.png,0.099885
25-1-27.png,0.102201
25-1-28.png,0.104357
25-1-29.png,0.10704
25-1-30.png,0.109548
25-1-31.png,0.111824
25-1-32.png,0.113863
25-1-33.png,0.115999
25-1-34.png,0.118312
25-1-35.png,0.120893
25-1-36.png,0.123288
25-1-37.png,0.125881
25-1-38.png,0.12852
25-1-39.png,0.131306
25-1-40.png,0.134663
25-1-41.png,0.136824
25-1-42.png,0.139396
25-1-43.png,0.142023
25-1-44.png,0.144755
26-1-01.png,-0.0000004
26-1-02.png,0.002441
26-1-04.png,0.0096205
26-1-05.png,0.0140417
26-1-06.png,0.0188674
26-1-07.png,0.024045
26-1-09.png,0.035567
26-1-10.png,0.041892
26-1-11.png,0.048645
26-1-12.png,0.055818
26-1-13.png,0.058391
26-1-14.png,0.058846
26-1-16.png,0.059567
26-1-17.png,0.059894
26-1-18.png,0.060192
26-1-19.png,0.060468
26-1-21.png,0.062144
26-1-22.png,0.063577
26-1-24.png,0.066413
26-1-26.png,0.069325
26-1-27.png,0.070782
26-1-28.png,0.072221
26-1-29.png,0.073857
26-1-30.png,0.075346
26-1-32.png,0.078542
26-1-34.png,0.081547
26-1-35.png,0.083061
26-1-36.png,0.084723
26-1-37.png,0.086338
26-1-38.png,0.087819
26-1-39.png,0.089429
26-1-40.png,0.090982
26-1-41.png,0.09282
26-1-42.png,0.094202
26-1-43.png,0.095879
26-1-44.png,0.097385
26-1-45.png,0.098753
27-1-01.png,0.0000008
27-1-02.png,0.0042741
27-1-03.png,0.0096307
27-1-04.png,0.0159411
27-1-05.png,0.0233865
27-1-06.png,0.032339
27-1-07.png,0.043545
27-1-08.png,0.058605
27-1-09.png,0.077936
27-1-10.png,0.100358
27-1-11.png,0.125538
27-1-12.png,0.151345
27-1-13.png,0.177766
27-1-14.png,0.204889
27-1-15.png,0.233861
27-1-16.png,0.263224
27-1-17.png,0.294469
27-1-18.png,0.297794
27-1-21.png,0.32531
27-1-22.png,0.3297
27-1-23.png,0.348648
27-1-24.png,0.353698
27-1-25.png,0.369142
27-1-26.png,0.375599
27-1-27.png,0.392013
27-1-28.png,0.40768
27-1-29.png,0.421316
27-1-30.png,0.438367
27-1-31.png,0.468602
27-1-33.png,0.50812
27-1-35.png,0.544847
27-1-36.png,0.584218
27-1-37.png,0.590593
27-1-38.png,0.62861
27-1-39.png,0.654868
27-1-40.png,0.703004
27-1-41.png,0.718636
27-1-42.png,0.780373
27-1-44.png,0.823951
27-1-45.png,0.855373
27-1-46.png,0.926537
27-1-47.png,1.03005
28-1-02.png,0.0030342
28-1-03.png,0.0070386
28-1-04.png,0.0117846
28-1-07.png,0.029473
28-1-08.png,0.036788
28-1-09.png,0.045279
28-1-10.png,0.056955
28-1-12.png,0.088189
28-1-13.png,0.106772
28-1-14.png,0.122446
28-1-15.png,0.12393
28-1-16.png,0.125826
28-1-17.png,0.127735
28-1-18.png,0.128238
28-1-19.png,0.129598
28-1-21.png,0.13537
28-1-22.png,0.140364
28-1-23.png,0.144558
28-1-24.png,0.147925
28-1-25.png,0.154829
28-1-26.png,0.160165
28-1-27.png,0.164866
28-1-28.png,0.17099
28-1-29.png,0.175401
28-1-30.png,0.180562
28-1-31.png,0.186404
28-1-32.png,0.191379
28-1-34.png,0.200646
28-1-35.png,0.205258
28-1-36.png,0.212019
28-1-37.png,0.216577
28-1-38.png,0.221274
28-1-39.png,0.228281
28-1-40.png,0.233668
28-1-41.png,0.239669
28-1-42.png,0.243362
28-1-43.png,0.249624
28-1-44.png,0.253697
28-1-45.png,0.259797
28-1-46.png,0.267444
30-1-01.png,0.0000008
30-1-02.png,0.005164
30-1-03.png,0.0118397
30-1-04.png,0.0198151
30-1-05.png,0.0292231
30-1-06.png,0.0406256
30-1-07.png,0.055507
30-1-08.png,0.074631
30-1-09.png,0.095518
30-1-10.png,0.11923
30-1-11.png,0.14431
30-1-12.png,0.170614
30-1-13.png,0.197766
30-1-14.png,0.226293
30-1-15.png,0.255957
30-1-16.png,0.28648
30-1-17.png,0.318621
30-1-18.png,0.323629
30-1-19.png,0.33562
30-1-20.png,0.337016
30-1-21.png,0.342632
30-1-22.png,0.363289
30-1-23.png,0.368821
30-1-24.png,0.37702
30-1-25.png,0.397721
30-1-26.png,0.411117
30-1-28.png,0.433745
30-1-29.png,0.447566
30-1-30.png,0.459676
30-1-31.png,0.48247
30-1-32.png,0.490628
30-1-33.png,0.514875
30-1-35.png,0.54722
30-1-36.png,0.565318
30-1-37.png,0.600626
30-1-38.png,0.635981
30-1-39.png,0.663539
30-1-40.png,0.686955
30-1-41.png,0.714329
30-1-42.png,0.737374
30-1-43.png,0.790212
30-1-44.png,0.81083
30-1-45.png,0.865568
30-1-46.png,0.881248
30-1-47.png,0.900011
30-1-48.png,0.917741
30-1-49.png,1.017035
31-1-01.png,-0.0000008
31-1-02.png,0.0035968
31-1-03.png,0.0084826
31-1-04.png,0.0143547
31-1-05.png,0.0209232
31-1-06.png,0.0282354
31-1-07.png,0.036292
31-1-08.png,0.045345
31-1-09.png,0.056791
31-1-10.png,0.071347
31-1-13.png,0.120847
31-1-14.png,0.139655
31-1-15.png,0.144111
31-1-16.png,0.145506
31-1-18.png,0.150432
31-1-19.png,0.152216
31-1-20.png,0.152876
31-1-21.png,0.156873
31-1-22.png,0.160042
31-1-25.png,0.172676
31-1-26.png,0.177795
31-1-27.png,0.181686
31-1-28.png,0.187709
31-1-29.png,0.191323
31-1-30.png,0.195461
31-1-31.png,0.199792
31-1-32.png,0.204357
31-1-33.png,0.209492
31-1-34.png,0.214329
31-1-35.png,0.21896
31-1-36.png,0.223777
31-1-37.png,0.228199
31-1-38.png,0.233397
31-1-39.png,0.239074
31-1-40.png,0.244142
31-1-41.png,0.250388
31-1-42.png,0.256873
31-1-44.png,0.266543
31-1-45.png,0.274558
31-1-46.png,0.279534
32-1-01.png,0.0000012
32-1-02.png,0.0026083
32-1-04.png,0.0106569
32-1-05.png,0.0157496
32-1-06.png,0.021346
32-1-08.png,0.034013
32-1-09.png,0.041123
32-1-10.png,0.048899
32-1-11.png,0.058203
32-1-12.png,0.068476
32-1-13.png,0.080482
32-1-14.png,0.088606
32-1-15.png,0.089885
32-1-16.png,0.09095
32-1-17.png,0.091728
32-1-18.png,0.092343
32-1-19.png,0.092927
32-1-20.png,0.093545
32-1-21.png,0.096161
32-1-22.png,0.098694
32-1-23.png,0.101583
32-1-24.png,0.104241
32-1-25.png,0.106737
32-1-26.png,0.10914
32-1-27.png,0.111438
32-1-29.png,0.116451
32-1-30.png,0.118883
32-1-31.png,0.121431
32-1-33.png,0.126145
32-1-34.png,0.129029
32-1-35.png,0.131429
32-1-36.png,0.134019
32-1-37.png,0.136546
32-1-38.png,0.138853
32-1-39.png,0.140939
32-1-40.png,0.144028
32-1-41.png,0.146596
32-1-42.png,0.149386
32-1-43.png,0.151843
32-1-44.png,0.154509
32-1-45.png,0.157315
32-1-46.png,0.159887
32-1-47.png,0.162325
33-1-02.png,0.0053124
33-1-03.png,0.0122345
33-1-04.png,0.0203671
33-1-05.png,0.0297404
33-1-06.png,0.0406203
33-1-08.png,0.069505
33-1-09.png,0.087537
33-1-10.png,0.106787
33-1-11.png,0.128476
33-1-12.png,0.150878
33-1-13.png,0.174612
33-1-14.png,0.199824
33-1-15.png,0.21671
33-1-16.png,0.217917
33-1-17.png,0.219026
33-1-18.png,0.220095
33-1-19.png,0.221273
33-1-20.png,0.223586
33-1-21.png,0.228178
33-1-22.png,0.234573
33-1-24.png,0.248006
33-1-25.png,0.256936
33-1-26.png,0.261466
33-1-27.png,0.268192
33-1-28.png,0.275233
33-1-29.png,0.281459
33-1-30.png,0.288195
33-1-33.png,0.316427
33-1-34.png,0.325517
33-1-35.png,0.336755
33-1-37.png,0.362865
33-1-38.png,0.367128
33-1-39.png,0.375687
33-1-40.png,0.385544
33-1-41.png,0.407827
33-1-42.png,0.41762
33-1-43.png,0.431259
33-1-44.png,0.442225
33-1-45.png,0.452573
33-1-46.png,0.472804
33-1-47.png,0.490772
33-1-48.png,0.502746
34-1-01.png,0.000001
34-1-02.png,0.0037054
34-1-03.png,0.0087553
34-1-04.png,0.0148202
34-1-06.png,0.0290751
34-1-07.png,0.037253
34-1-08.png,0.046291
34-1-09.png,0.056256
34-1-10.png,0.068062
34-1-11.png,0.081507
34-1-12.png,0.094979
34-1-13.png,0.109846
34-1-14.png,0.114582
34-1-15.png,0.118306
34-1-17.png,0.119444
34-1-20.png,0.120954
34-1-21.png,0.123553
34-1-22.png,0.127468
34-1-23.png,0.129938
34-1-24.png,0.133362
34-1-25.png,0.136608
34-1-26.png,0.139947
34-1-27.png,0.142058
34-1-28.png,0.145969
34-1-29.png,0.149268
34-1-30.png,0.152564
34-1-31.png,0.155903
34-1-32.png,0.158878
34-1-33.png,0.162297
34-1-34.png,0.165263
34-1-36.png,0.174953
34-1-37.png,0.179259
34-1-38.png,0.181105
34-1-39.png,0.186846
34-1-40.png,0.188931
34-1-41.png,0.191902
34-1-42.png,0.198528
34-1-43.png,0.200112
34-1-44.png,0.205994
34-1-46.png,0.212345
34-1-47.png,0.215012
35-1-01.png,-0.0000007
35-1-02.png,0.0026841
35-1-03.png,0.0063853
35-1-04.png,0.0110644
35-1-05.png,0.0164091
35-1-06.png,0.0223495
35-1-07.png,0.028753
35-1-08.png,0.035727
35-1-09.png,0.043174
35-1-11.png,0.05938
35-1-12.png,0.068733
35-1-13.png,0.078618
35-1-14.png,0.083028
35-1-15.png,0.083675
35-1-16.png,0.084271
35-1-17.png,0.084993
35-1-18.png,0.085469
35-1-19.png,0.085974
35-1-20.png,0.086401
35-1-21.png,0.088566
35-1-23.png,0.093052
35-1-24.png,0.095114
35-1-25.png,0.097128
35-1-28.png,0.103748
35-1-29.png,0.106069
35-1-30.png,0.10821
35-1-31.png,0.110362
35-1-32.png,0.112393
35-1-33.png,0.114554
35-1-34.png,0.116856
35-1-35.png,0.119269
35-1-36.png,0.121471
35-1-37.png,0.123693
35-1-39.png,0.128334
35-1-41.png,0.132159
35-1-42.png,0.134393
35-1-43.png,0.136762
35-1-44.png,0.139031
35-1-45.png,0.140872
35-1-46.png,0.142702
35-1-47.png,0.14519
36-1-01.png,0.0000034
36-1-02.png,0.0054676
36-1-03.png,0.0123449
36-1-04.png,0.0204969
36-1-06.png,0.041436
36-1-07.png,0.056693
36-1-08.png,0.078493
36-1-09.png,0.102752
36-1-10.png,0.129524
36-1-11.png,0.157418
36-1-13.png,0.215167
36-1-14.png,0.245626
36-1-15.png,0.277478
36-1-16.png,0.310176
36-1-17.png,0.34479
36-1-18.png,0.379911
36-1-19.png,0.416451
36-1-20.png,0.453692
36-1-21.png,0.54889
36-1-22.png,0.563099
36-1-23.png,0.626066
36-1-24.png,0.634454
36-1-25.png,0.68575
36-1-26.png,0.713948
36-1-27.png,0.770608
36-1-29.png,0.86473
36-1-30.png,0.889711
36-1-31.png,0.91415
36-1-32.png,1.049928
37-1-01.png,0.0000018
37-1-02.png,0.0035658
37-1-03.png,0.0083758
37-1-04.png,0.0141589
37-1-05.png,0.020687
37-1-06.png,0.027899
37-1-07.png,0.03594
37-1-08.png,0.045276
37-1-09.png,0.057719
37-1-10.png,0.074285
37-1-11.png,0.092494
37-1-12.png,0.112235
37-1-13.png,0.133266
37-1-14.png,0.156861
37-1-15.png,0.18079
37-1-16.png,0.199077
37-1-17.png,0.201744
37-1-18.png,0.204792
37-1-19.png,0.206891
37-1-20.png,0.207782
37-1-22.png,0.222224
37-1-23.png,0.2293
37-1-24.png,0.234829
37-1-25.png,0.241226
37-1-26.png,0.248306
37-1-27.png,0.254008
37-1-28.png,0.262711
37-1-29.png,0.269374
37-1-30.png,0.278228
37-1-31.png,0.286918
37-1-32.png,0.292677
37-1-33.png,0.300028
37-1-34.png,0.308296
37-1-35.png,0.316546
37-1-36.png,0.322573
37-1-37.png,0.330352
37-1-38.png,0.341425
37-1-39.png,0.347228
37-1-40.png,0.355163
37-1-41.png,0.362068
37-1-42.png,0.37215
37-1-43.png,0.38002
37-1-44.png,0.386425
37-1-45.png,0.397005
37-1-46.png,0.404844
37-1-47.png,0.414844
37-1-48.png,0.42838
38-1-02.png,0.0025723
38-1-03.png,0.0060782
38-1-04.png,0.0105022
38-1-06.png,0.0210553
38-1-07.png,0.02697
38-1-08.png,0.03335
38-1-09.png,0.040306
38-1-10.png,0.047951
38-1-11.png,0.05791
38-1-12.png,0.070203
38-1-13.png,0.084023
38-1-14.png,0.097921
38-1-15.png,0.100981
38-1-16.png,0.102754
38-1-17.png,0.10399
38-1-18.png,0.104902
38-1-19.png,0.105661
38-1-20.png,0.106318
38-1-21.png,0.109758
38-1-23.png,0.116116
38-1-24.png,0.119491
38-1-25.png,0.122749
38-1-26.png,0.125668
38-1-27.png,0.128646
38-1-29.png,0.135282
38-1-30.png,0.138389
38-1-31.png,0.141359
38-1-32.png,0.144626
38-1-33.png,0.147618
38-1-34.png,0.150944
38-1-35.png,0.153828
38-1-37.png,0.160402
38-1-38.png,0.163393
38-1-39.png,0.166443
38-1-40.png,0.169748
38-1-41.png,0.173102
38-1-42.png,0.175871
38-1-43.png,0.179766
38-1-44.png,0.182999
38-1-45.png,0.186214
38-1-46.png,0.189461
38-1-47.png,0.192484
39-1-01.png,0.0000017
39-1-03.png,0.0106309
39-1-04.png,0.0186513
39-1-05.png,0.0289106
39-1-07.png,0.060326
39-1-08.png,0.081389
39-1-09.png,0.103103
39-1-11.png,0.155141
39-1-12.png,0.182425
39-1-13.png,0.210651
39-1-14.png,0.239541
39-1-15.png,0.271244
39-1-16.png,0.302849
39-1-17.png,0.333955
39-1-18.png,0.336789
39-1-19.png,0.340408
39-1-20.png,0.347939
39-1-21.png,0.357902
39-1-22.png,0.364722
39-1-23.png,0.376676
39-1-24.png,0.390282
39-1-25.png,0.398207
39-1-26.png,0.414284
39-1-27.png,0.420831
39-1-28.png,0.434904
39-1-29.png,0.444053
39-1-31.png,0.475596
39-1-32.png,0.480544
39-1-34.png,0.508039
39-1-35.png,0.53737
39-1-36.png,0.553305
39-1-37.png,0.567891
39-1-38.png,0.591799
39-1-39.png,0.609423
39-1-40.png,0.623865
39-1-41.png,0.643351
39-1-42.png,0.680596
39-1-43.png,0.695196
39-1-44.png,0.719694
39-1-45.png,0.742683
39-1-46.png,0.773734
39-1-47.png,0.812943
39-1-49.png,0.871009
39-1-50.png,0.906279
39-1-51.png,0.934181
40-1-01.png,0
40-1-02.png,0.0031969
40-1-03.png,0.007678
40-1-04.png,0.0130436
40-1-05.png,0.0195113
40-1-06.png,0.0270857
40-1-08.png,0.048224
40-1-09.png,0.061463
40-1-11.png,0.092581
40-1-13.png,0.129884
40-1-14.png,0.151728
40-1-16.png,0.159505
40-1-17.png,0.160301
40-1-19.png,0.163358
40-1-20.png,0.164035
40-1-21.png,0.168365
40-1-22.png,0.173204
40-1-23.png,0.179594
40-1-24.png,0.183867
40-1-25.png,0.187068
40-1-26.png,0.193857
40-1-27.png,0.198197
40-1-28.png,0.202265
40-1-29.png,0.206676
40-1-30.png,0.21116
40-1-32.png,0.222656
40-1-33.png,0.228216
40-1-34.png,0.23215
40-1-36.png,0.242406
40-1-37.png,0.24763
40-1-38.png,0.253385
40-1-39.png,0.257778
40-1-40.png,0.263922
40-1-41.png,0.270678
40-1-42.png,0.27635
40-1-43.png,0.281129
40-1-44.png,0.286993
40-1-45.png,0.29526
40-1-46.png,0.302866
40-1-47.png,0.309562
40-1-48.png,0.317827
41-1-01.png,-0.0000003
41-1-02.png,0.0023392
41-1-04.png,0.0097112
41-1-05.png,0.0144482
41-1-06.png,0.0199261
41-1-09.png,0.040496
41-1-10.png,0.049753
41-1-11.png,0.060178
41-1-12.png,0.070018
41-1-13.png,0.081049
41-1-15.png,0.088986
41-1-17.png,0.091087
41-1-18.png,0.091725
41-1-19.png,0.092205
41-1-20.png,0.092953
41-1-21.png,0.096656
41-1-22.png,0.099755
41-1-23.png,0.102714
41-1-24.png,0.105601
41-1-25.png,0.108362
41-1-26.png,0.111522
41-1-27.png,0.114601
41-1-28.png,0.117202
41-1-29.png,0.120508
41-1-30.png,0.123488
41-1-31.png,0.126363
41-1-32.png,0.129247
41-1-33.png,0.132461
41-1-34.png,0.135221
41-1-35.png,0.138095
41-1-36.png,0.141041
41-1-37.png,0.143983
41-1-38.png,0.146662
41-1-39.png,0.149657
41-1-40.png,0.152062
41-1-41.png,0.154895
41-1-42.png,0.157924
41-1-43.png,0.160822
41-1-44.png,0.163678
41-1-45.png,0.166901
41-1-46.png,0.169224
41-1-47.png,0.171407
43-1-01.png,0
43-1-02.png,0.0033055
43-1-03.png,0.0079954
43-1-04.png,0.013563
43-1-05.png,0.0200477
43-1-07.png,0.035722
43-1-08.png,0.044879
43-1-09.png,0.055709
43-1-10.png,0.0678
43-1-11.png,0.082107
43-1-12.png,0.09569
43-1-14.png,0.11214
43-1-15.png,0.114029
43-1-16.png,0.115686
43-1-18.png,0.11691
43-1-19.png,0.11756
43-1-20.png,0.118209
43-1-21.png,0.123378
43-1-22.png,0.128368
43-1-23.png,0.132354
43-1-24.png,0.136206
43-1-25.png,0.139841
43-1-26.png,0.142666
43-1-27.png,0.146627
43-1-30.png,0.156378
43-1-31.png,0.161074
43-1-32.png,0.165309
43-1-33.png,0.168945
43-1-34.png,0.172744
43-1-35.png,0.175412
43-1-36.png,0.179747
43-1-37.png,0.183444
43-1-39.png,0.191066
43-1-40.png,0.195809
43-1-41.png,0.199476
43-1-42.png,0.203719
43-1-43.png,0.207989
43-1-44.png,0.211717
43-1-45.png,0.214501
43-1-46.png,0.221282
43-1-47.png,0.224107
44-1-01.png,0.0000006
44-1-02.png,0.0024483
44-1-03.png,0.0058839
44-1-04.png,0.0101468
44-1-05.png,0.0151561
44-1-06.png,0.0208086
44-1-08.png,0.034052
44-1-09.png,0.041349
44-1-10.png,0.049357
44-1-11.png,0.057797
44-1-12.png,0.067533
44-1-13.png,0.078552
44-1-14.png,0.080237
44-1-15.png,0.08105
44-1-16.png,0.081583
44-1-17.png,0.082059
44-1-18.png,0.082603
44-1-19.png,0.083122
44-1-20.png,0.08356
44-1-21.png,0.086425
44-1-22.png,0.089017
44-1-23.png,0.091268
44-1-24.png,0.093334
44-1-25.png,0.095289
44-1-26.png,0.097007
44-1-27.png,0.099169
44-1-28.png,0.101503
44-1-29.png,0.103483
44-1-30.png,0.105603
44-1-32.png,0.10956
44-1-33.png,0.111973
44-1-35.png,0.116336
44-1-37.png,0.120861
44-1-38.png,0.122792
44-1-40.png,0.127098
44-1-42.png,0.130501
44-1-43.png,0.132283
44-1-44.png,0.134834
44-1-45.png,0.136736
44-1-46.png,0.138545
45-1-01.png,0.0000013
45-1-02.png,0.0043173
45-1-03.png,0.0102495
45-1-04.png,0.0178836
45-1-05.png,0.0277244
45-1-06.png,0.042022
45-1-07.png,0.060833
45-1-08.png,0.082507
45-1-09.png,0.110113
45-1-10.png,0.13961
45-1-11.png,0.170768
45-1-12.png,0.201811
45-1-13.png,0.234674
45-1-14.png,0.268924
45-1-15.png,0.303109
45-1-16.png,0.339745
45-1-17.png,0.376999
45-1-18.png,0.416453
45-1-19.png,0.456189
45-1-20.png,0.496034
45-1-21.png,0.67518
45-1-22.png,0.700292
45-1-23.png,0.801337
45-1-24.png,0.821534
45-1-25.png,0.893895
45-1-26.png,0.92014
45-1-27.png,0.947398
46-1-01.png,0.0000002
46-1-02.png,0.0030499
46-1-03.png,0.0073696
46-1-05.png,0.0188
46-1-06.png,0.026022
46-1-07.png,0.035283
46-1-08.png,0.047388
46-1-10.png,0.082961
46-1-11.png,0.101603
46-1-12.png,0.124233
46-1-13.png,0.143702
46-1-14.png,0.17114
46-1-15.png,0.197058
46-1-16.png,0.214719
46-1-17.png,0.216731
46-1-18.png,0.221111
46-1-19.png,0.224616
46-1-20.png,0.225963
46-1-21.png,0.23292
46-1-22.png,0.240397
46-1-23.png,0.249268
46-1-24.png,0.255931
46-1-25.png,0.262922
46-1-26.png,0.273596
46-1-27.png,0.277802
46-1-29.png,0.292335
46-1-30.png,0.300068
46-1-32.png,0.312431
46-1-33.png,0.319401
46-1-34.png,0.330015
46-1-35.png,0.335503
46-1-36.png,0.342955
46-1-37.png,0.349881
46-1-39.png,0.364205
46-1-40.png,0.373649
46-1-42.png,0.390162
46-1-43.png,0.39883
46-1-44.png,0.409877
46-1-45.png,0.419169
46-1-46.png,0.428634
46-1-48.png,0.450354
47-1-01.png,0.0000002
47-1-02.png,0.0022103
47-1-03.png,0.0053857
47-1-04.png,0.009321
47-1-05.png,0.0139683
47-1-06.png,0.0191033
47-1-07.png,0.024755
47-1-08.png,0.031399
47-1-09.png,0.039265
47-1-10.png,0.049181
47-1-11.png,0.060183
47-1-12.png,0.074732
47-1-13.png,0.090112
47-1-15.png,0.106235
47-1-16.png,0.108309
47-1-17.png,0.109302
47-1-18.png,0.110088
47-1-19.png,0.110966
47-1-20.png,0.111831
47-1-21.png,0.115726
47-1-22.png,0.121824
47-1-23.png,0.126371
47-1-24.png,0.130782
47-1-25.png,0.135653
47-1-26.png,0.139473
47-1-27.png,0.143386
47-1-28.png,0.146895
47-1-29.png,0.151062
47-1-30.png,0.154515
47-1-32.png,0.162357
47-1-33.png,0.165797
47-1-34.png,0.170048
47-1-35.png,0.174144
47-1-36.png,0.177786
47-1-37.png,0.181997
47-1-39.png,0.188762
47-1-40.png,0.192535
47-1-41.png,0.195883
47-1-42.png,0.199973
47-1-43.png,0.203941
47-1-44.png,0.207187
47-1-45.png,0.211191
47-1-46.png,0.215069
47-1-47.png,0.219716
48-1-01.png,0.0000005
48-1-02.png,0.00522
48-1-03.png,0.0126919
48-1-04.png,0.0223635
48-1-05.png,0.034785
48-1-06.png,0.0522416
48-1-07.png,0.073
48-1-08.png,0.096921
48-1-09.png,0.122924
48-1-10.png,0.149329
48-1-11.png,0.176233
48-1-13.png,0.239789
48-1-14.png,0.270852
48-1-16.png,0.336853
48-1-17.png,0.372262
48-1-18.png,0.408807
48-1-19.png,0.445353
48-1-20.png,0.484422
48-1-23.png,0.562189
48-1-24.png,0.582955
48-1-25.png,0.612696
48-1-26.png,0.635826
48-1-27.png,0.657615
48-1-28.png,0.679123
48-1-29.png,0.723165
48-1-30.png,0.733931
48-1-31.png,0.782277
48-1-32.png,0.803715
48-1-33.png,0.835197
48-1-34.png,0.869604
48-1-35.png,0.934899
48-1-36.png,0.980396
49-1-01.png,0.0000009
49-1-02.png,0.0036123
49-1-03.png,0.0089554
49-1-04.png,0.0155433
49-1-05.png,0.0232186
49-1-06.png,0.0327949
49-1-07.png,0.044184
49-1-09.png,0.074057
49-1-10.png,0.088895
49-1-11.png,0.112624
49-1-12.png,0.132645
49-1-13.png,0.154833
49-1-14.png,0.177031
49-1-15.png,0.200457
49-1-16.png,0.208577
49-1-17.png,0.218538
49-1-18.png,0.219818
49-1-19.png,0.221092
49-1-20.png,0.222579
49-1-21.png,0.227432
49-1-22.png,0.234398
49-1-23.png,0.244846
49-1-24.png,0.251725
49-1-25.png,0.257243
49-1-26.png,0.26348
49-1-27.png,0.269417
49-1-28.png,0.274717
49-1-29.png,0.280721
49-1-30.png,0.287845
49-1-31.png,0.293755
49-1-32.png,0.301812
49-1-33.png,0.308656
49-1-34.png,0.315455
49-1-35.png,0.322147
49-1-36.png,0.327864
49-1-37.png,0.335569
49-1-38.png,0.342345
49-1-40.png,0.359066
49-1-41.png,0.369123
49-1-42.png,0.38421
49-1-43.png,0.392181
49-1-44.png,0.3985
49-1-45.png,0.408547
49-1-46.png,0.425917
49-1-47.png,0.434403
49-1-48.png,0.449429
49-1-49.png,0.462179
49-1-50.png,0.471609
50-1-02.png,0.0026186
50-1-03.png,0.0064495
50-1-04.png,0.0112873
50-1-05.png,0.0170383
50-1-06.png,0.0237168
50-1-07.png,0.031361
50-1-08.png,0.039872
50-1-09.png,0.049272
50-1-10.png,0.059819
50-1-11.png,0.076921
50-1-12.png,0.090763
50-1-13.png,0.104417
50-1-14.png,0.1185
50-1-15.png,0.125254
50-1-17.png,0.131823
50-1-18.png,0.132586
50-1-19.png,0.133447
50-1-20.png,0.134425
50-1-21.png,0.138866
50-1-22.png,0.142528
50-1-23.png,0.146658
50-1-24.png,0.150892
50-1-25.png,0.154142
50-1-26.png,0.157702
50-1-27.png,0.160867
50-1-28.png,0.164233
50-1-29.png,0.168487
50-1-30.png,0.172078
50-1-31.png,0.175783
50-1-32.png,0.179791
50-1-33.png,0.182948
50-1-34.png,0.186585
50-1-35.png,0.191385
50-1-37.png,0.198899
50-1-38.png,0.202572
50-1-39.png,0.206358
50-1-40.png,0.2104
50-1-41.png,0.213962
50-1-42.png,0.218172
50-1-43.png,0.221681
50-1-44.png,0.225378
50-1-45.png,0.228667
50-1-46.png,0.23321
50-1-47.png,0.236489
50-1-48.png,0.240923
50-1-49.png,0.244314
51-1-01.png,0.0000026
51-1-04.png,0.0227855
51-1-05.png,0.0344188
51-1-06.png,0.0487767
51-1-07.png,0.066015
51-1-08.png,0.085197
51-1-09.png,0.104979
51-1-10.png,0.131053
51-1-12.png,0.178318
51-1-13.png,0.206509
51-1-14.png,0.232907
51-1-17.png,0.294083
51-1-19.png,0.298134
51-1-20.png,0.30715
51-1-21.png,0.311652
51-1-22.png,0.319383
51-1-23.png,0.32667
51-1-24.png,0.337309
51-1-25.png,0.347794
51-1-26.png,0.359815
51-1-27.png,0.366907
51-1-28.png,0.376673
51-1-29.png,0.38841
51-1-30.png,0.405486
51-1-31.png,0.416821
51-1-32.png,0.42846
51-1-33.png,0.445964
51-1-34.png,0.456045
51-1-35.png,0.471299
51-1-36.png,0.486461
51-1-37.png,0.497271
51-1-38.png,0.511755
51-1-39.png,0.530607
51-1-40.png,0.554979
51-1-41.png,0.564667
51-1-42.png,0.577896
51-1-43.png,0.59619
51-1-44.png,0.616028
51-1-45.png,0.633457
51-1-46.png,0.64737
51-1-47.png,0.678386
51-1-48.png,0.691622
51-1-49.png,0.721049
51-1-50.png,0.734067
51-1-51.png,0.756663
52-1-01.png,0.0000013
52-1-02.png,0.0037296
52-1-03.png,0.0091803
52-1-04.png,0.0162371
52-1-05.png,0.0240268
52-1-06.png,0.0330007
52-1-08.png,0.054308
52-1-09.png,0.070262
52-1-11.png,0.100006
52-1-12.png,0.116096
52-1-13.png,0.133342
52-1-14.png,0.153414
52-1-15.png,0.157466
52-1-16.png,0.159077
52-1-17.png,0.16408
52-1-18.png,0.16474
52-1-19.png,0.165359
52-1-20.png,0.16596
52-1-21.png,0.169862
52-1-22.png,0.175457
52-1-23.png,0.182086
52-1-24.png,0.185342
52-1-25.png,0.190813
52-1-26.png,0.195053
52-1-27.png,0.200322
52-1-28.png,0.205139
52-1-29.png,0.211273
52-1-30.png,0.214396
52-1-31.png,0.220644
52-1-32.png,0.225221
52-1-33.png,0.230549
52-1-34.png,0.236124
52-1-35.png,0.24202
52-1-36.png,0.244879
52-1-37.png,0.250702
52-1-38.png,0.254872
52-1-39.png,0.260161
52-1-40.png,0.266915
52-1-41.png,0.272067
52-1-42.png,0.277281
52-1-43.png,0.281007
52-1-44.png,0.285421
52-1-45.png,0.295038
52-1-46.png,0.299734
52-1-47.png,0.306664
52-1-48.png,0.309283
52-1-49.png,0.315779
52-1-50.png,0.323154
53-1-01.png,0.0000011
53-1-02.png,0.0026957
53-1-03.png,0.0067002
53-1-04.png,0.0119297
53-1-05.png,0.0179825
53-1-06.png,0.024758
53-1-07.png,0.03231
53-1-08.png,0.040875
53-1-09.png,0.049971
53-1-10.png,0.060074
53-1-11.png,0.070837
53-1-12.png,0.084491
53-1-13.png,0.098138
53-1-14.png,0.110929
53-1-15.png,0.113022
53-1-16.png,0.113877
53-1-17.png,0.11464
53-1-18.png,0.115447
53-1-19.png,0.116097
53-1-20.png,0.116701
53-1-21.png,0.120763
53-1-23.png,0.127258
53-1-24.png,0.130339
53-1-25.png,0.133506
53-1-26.png,0.136785
53-1-27.png,0.139522
53-1-28.png,0.142624
53-1-29.png,0.1457
53-1-30.png,0.148605
53-1-31.png,0.152445
53-1-32.png,0.154943
53-1-33.png,0.158274
53-1-34.png,0.160543
53-1-35.png,0.163879
53-1-36.png,0.166289
53-1-37.png,0.169466
53-1-38.png,0.171987
53-1-39.png,0.174955
53-1-40.png,0.17815
53-1-41.png,0.180601
53-1-42.png,0.183843
53-1-44.png,0.188522
53-1-46.png,0.193582
53-1-47.png,0.196501
53-1-48.png,0.199603
53-1-49.png,0.201868
54-1-01.png,0.0000025
54-1-02.png,0.0054721
54-1-03.png,0.0131635
54-1-04.png,0.0227371
54-1-05.png,0.0354416
54-1-06.png,0.0558368
54-1-07.png,0.078792
54-1-10.png,0.16354
54-1-11.png,0.194891
54-1-12.png,0.227416
54-1-13.png,0.263765
54-1-14.png,0.301139
54-1-15.png,0.339174
54-1-16.png,0.376546
54-1-19.png,0.492917
54-1-21.png,0.703218
54-1-22.png,0.924165
54-1-23.png,1.021465
55-1-01.png,0
55-1-02.png,0.0035923
55-1-03.png,0.008842
55-1-04.png,0.0153321
55-1-05.png,0.0228994
55-1-06.png,0.0321496
55-1-07.png,0.04547
55-1-08.png,0.062313
55-1-09.png,0.080082
55-1-10.png,0.098658
55-1-11.png,0.12021
55-1-12.png,0.143465
55-1-13.png,0.166316
55-1-14.png,0.19111
55-1-15.png,0.222842
55-1-16.png,0.251153
55-1-17.png,0.286244
55-1-18.png,0.301689
55-1-19.png,0.304836
55-1-20.png,0.31463
55-1-21.png,0.334128
55-1-22.png,0.340974
55-1-23.png,0.350262
55-1-24.png,0.35964
55-1-25.png,0.368909
55-1-26.png,0.377921
55-1-27.png,0.389616
55-1-28.png,0.39907
55-1-29.png,0.406433
55-1-30.png,0.425847
55-1-31.png,0.431746
55-1-32.png,0.441098
55-1-33.png,0.45139
55-1-34.png,0.459314
55-1-35.png,0.475311
55-1-36.png,0.489405
55-1-37.png,0.498858
55-1-38.png,0.512683
55-1-39.png,0.520802
55-1-40.png,0.538302
55-1-41.png,0.561228
55-1-42.png,0.576754
55-1-43.png,0.589599
55-1-44.png,0.607805
55-1-46.png,0.645511
55-1-47.png,0.661073
55-1-48.png,0.687164
55-1-49.png,0.707894
55-1-50.png,0.729051
55-1-51.png,0.770191
55-1-52.png,0.788685
56-1-01.png,0.0000007
56-1-02.png,0.0025806
56-1-03.png,0.0063286
56-1-04.png,0.011143
56-1-05.png,0.0167476
56-1-06.png,0.023131
56-1-07.png,0.030451
56-1-08.png,0.039321
56-1-09.png,0.049941
56-1-10.png,0.063661
56-1-11.png,0.079722
56-1-13.png,0.111828
56-1-15.png,0.145954
56-1-16.png,0.149828
56-1-17.png,0.153468
56-1-18.png,0.155068
56-1-19.png,0.157575
56-1-20.png,0.160825
56-1-21.png,0.167414
56-1-22.png,0.173901
56-1-23.png,0.17903
56-1-24.png,0.184549
56-1-25.png,0.189447
56-1-27.png,0.198609
56-1-28.png,0.203427
56-1-29.png,0.208494
56-1-30.png,0.213194
56-1-31.png,0.218278
56-1-32.png,0.222206
56-1-33.png,0.227114
56-1-35.png,0.235998
56-1-36.png,0.239895
56-1-37.png,0.245567
56-1-38.png,0.250902
56-1-39.png,0.255303
56-1-40.png,0.260073
56-1-41.png,0.264461
56-1-42.png,0.269415
56-1-43.png,0.275566
56-1-44.png,0.281368
56-1-45.png,0.287442
56-1-46.png,0.293439
56-1-47.png,0.298904
56-1-48.png,0.305966
56-1-49.png,0.311433
57-1-01.png,0.0000013
57-1-02.png,0.0047247
57-1-03.png,0.0127807
57-1-04.png,0.0248767
57-1-05.png,0.0428186
57-1-06.png,0.0636163
57-1-07.png,0.0915829
57-1-08.png,0.118627
57-1-09.png,0.146625
57-1-11.png,0.208193
57-1-12.png,0.237917
57-1-14.png,0.303822
57-1-15.png,0.340305
57-1-16.png,0.386029
57-1-17.png,0.42065
57-1-18.png,0.459737
57-1-19.png,0.495321
57-1-20.png,0.536107
57-1-21.png,0.619354
57-1-22.png,0.645745
57-1-23.png,0.711045
57-1-24.png,0.762323
57-1-25.png,0.792838
57-1-27.png,0.850721
57-1-28.png,0.929529
57-1-29.png,0.944581
57-1-30.png,0.961359
57-1-31.png,1.031126
58-1-01.png,0.0000007
58-1-02.png,0.0033096
58-1-03.png,0.0085002
58-1-04.png,0.0159028
58-1-05.png,0.0253056
58-1-06.png,0.0393624
58-1-07.png,0.05325
58-1-08.png,0.071238
58-1-09.png,0.085046
58-1-10.png,0.118295
58-1-11.png,0.141258
58-1-12.png,0.161813
58-1-13.png,0.182278
58-1-14.png,0.209122
58-1-15.png,0.232563
58-1-16.png,0.246361
58-1-17.png,0.25766
58-1-18.png,0.259302
58-1-19.png,0.265625
58-1-20.png,0.266745
58-1-21.png,0.271286
58-1-22.png,0.281397
58-1-23.png,0.288443
58-1-24.png,0.295506
58-1-25.png,0.302144
58-1-26.png,0.309625
58-1-27.png,0.315497
58-1-28.png,0.326562
58-1-29.png,0.332004
58-1-30.png,0.342981
58-1-31.png,0.353144
58-1-32.png,0.362381
58-1-33.png,0.369554
58-1-34.png,0.380369
58-1-35.png,0.390901
58-1-36.png,0.400001
58-1-37.png,0.412389
58-1-38.png,0.423094
58-1-39.png,0.434828
58-1-40.png,0.453623
58-1-41.png,0.461718
58-1-42.png,0.473431
58-1-43.png,0.484995
58-1-44.png,0.500106
58-1-45.png,0.512152
58-1-46.png,0.525603
58-1-48.png,0.551819
58-1-49.png,0.563992
58-1-50.png,0.579108
58-1-51.png,0.601963
58-1-52.png,0.618253
59-1-01.png,0
59-1-02.png,0.0024027
59-1-03.png,0.0059285
59-1-04.png,0.0110396
59-1-05.png,0.0167671
59-1-06.png,0.0243328
59-1-07.png,0.03335
59-1-08.png,0.045946
59-1-09.png,0.058153
59-1-10.png,0.069607
59-1-11.png,0.081698
59-1-12.png,0.094014
59-1-13.png,0.112946
59-1-14.png,0.133699
59-1-15.png,0.148528
59-1-16.png,0.153478
59-1-17.png,0.155941
59-1-18.png,0.158541
59-1-20.png,0.160365
59-1-22.png,0.168752
59-1-23.png,0.173785
59-1-24.png,0.177959
59-1-25.png,0.181366
59-1-26.png,0.185034
59-1-27.png,0.188117
59-1-29.png,0.196117
59-1-30.png,0.200492
59-1-31.png,0.204896
59-1-32.png,0.211872
59-1-33.png,0.21602
59-1-34.png,0.220393
59-1-35.png,0.226131
59-1-36.png,0.231357
59-1-37.png,0.236673
59-1-38.png,0.242227
59-1-39.png,0.247626
59-1-40.png,0.250654
59-1-41.png,0.255564
59-1-42.png,0.260746
59-1-43.png,0.265307
59-1-45.png,0.276878
59-1-46.png,0.281087
59-1-47.png,0.287163
59-1-48.png,0.292956
59-1-49.png,0.299618
59-1-50.png,0.305012
59-1-51.png,0.310171
60-1-01.png,0.0000008
60-1-02.png,0.0048452
60-1-03.png,0.0129947
60-1-04.png,0.0246941
60-1-05.png,0.0390948
60-1-07.png,0.0773909
60-1-08.png,0.099477
60-1-09.png,0.12175
60-1-10.png,0.145483
60-1-11.png,0.17133
60-1-12.png,0.199918
60-1-13.png,0.223799
60-1-14.png,0.250162
60-1-15.png,0.280311
60-1-16.png,0.306038
60-1-17.png,0.308889
60-1-18.png,0.311091
60-1-19.png,0.314475
60-1-20.png,0.319792
60-1-21.png,0.325571
60-1-22.png,0.336202
60-1-23.png,0.341828
60-1-24.png,0.35328
60-1-25.png,0.371297
60-1-26.png,0.376505
60-1-27.png,0.388637
60-1-28.png,0.40063
60-1-29.png,0.416859
60-1-30.png,0.424885
60-1-31.png,0.439946
60-1-32.png,0.452077
60-1-33.png,0.461563
60-1-35.png,0.489175
60-1-36.png,0.501437
60-1-37.png,0.51297
60-1-38.png,0.5281
60-1-39.png,0.542895
60-1-40.png,0.551969
60-1-41.png,0.568234
60-1-42.png,0.583604
60-1-43.png,0.601605
60-1-44.png,0.618526
60-1-45.png,0.63559
60-1-46.png,0.65102
60-1-48.png,0.694335
60-1-49.png,0.720039
60-1-50.png,0.733512
60-1-51.png,0.748713
61-1-01.png,0.0000007
61-1-02.png,0.0033832
61-1-03.png,0.0087919
61-1-04.png,0.0160467
61-1-05.png,0.024964
61-1-06.png,0.0364615
61-1-07.png,0.047673
61-1-08.png,0.060181
61-1-09.png,0.071946
61-1-10.png,0.096398
61-1-11.png,0.112864
61-1-12.png,0.129987
61-1-14.png,0.178959
61-1-15.png,0.183523
61-1-16.png,0.188083
61-1-17.png,0.190884
61-1-18.png,0.193011
61-1-19.png,0.194666
61-1-20.png,0.198219
61-1-23.png,0.212429
61-1-24.png,0.216306
61-1-25.png,0.221157
61-1-26.png,0.225506
61-1-27.png,0.230642
61-1-28.png,0.234593
61-1-29.png,0.239339
61-1-30.png,0.24404
61-1-31.png,0.250177
61-1-32.png,0.256173
61-1-34.png,0.263611
61-1-35.png,0.271168
61-1-36.png,0.276149
61-1-37.png,0.28158
61-1-38.png,0.287686
61-1-39.png,0.293332
61-1-40.png,0.299659
61-1-41.png,0.305804
61-1-42.png,0.312466
61-1-43.png,0.318122
61-1-44.png,0.324908
61-1-45.png,0.331152
61-1-46.png,0.33933
61-1-47.png,0.346285
61-1-48.png,0.353141
61-1-49.png,0.360514
61-1-50.png,0.367031
61-1-51.png,0.373067
62-1-01.png,0.0000001
62-1-02.png,0.002506
62-1-03.png,0.0063007
62-1-04.png,0.0117431
62-1-05.png,0.0179936
62-1-06.png,0.0252897
62-1-07.png,0.033342
62-1-09.png,0.052929
62-1-10.png,0.062865
62-1-11.png,0.073618
62-1-12.png,0.08477
62-1-13.png,0.100098
62-1-14.png,0.120941
62-1-15.png,0.125703
62-1-16.png,0.127929
62-1-18.png,0.129922
62-1-19.png,0.130901
62-1-20.png,0.131768
62-1-21.png,0.134978
62-1-22.png,0.139252
62-1-23.png,0.142899
62-1-24.png,0.145981
62-1-25.png,0.148857
62-1-26.png,0.151468
62-1-27.png,0.155144
62-1-28.png,0.158677
62-1-29.png,0.161743
62-1-30.png,0.16447
62-1-31.png,0.167541
62-1-32.png,0.17046
62-1-33.png,0.173197
62-1-34.png,0.175752
62-1-35.png,0.178692
62-1-36.png,0.181717
62-1-37.png,0.184332
62-1-38.png,0.18689
62-1-39.png,0.190014
62-1-40.png,0.192794
62-1-41.png,0.195439
62-1-42.png,0.19826
62-1-43.png,0.201129
62-1-44.png,0.204216
62-1-45.png,0.207536
62-1-46.png,0.212061
62-1-47.png,0.217246
62-1-48.png,0.223087
62-1-49.png,0.227825
62-1-50.png,0.232123
63-1-01.png,0
63-1-02.png,0.0045315
63-1-03.png,0.0123447
63-1-05.png,0.0420417
63-1-06.png,0.0737406
63-1-07.png,0.1019931
63-1-08.png,0.130846
63-1-09.png,0.168361
63-1-10.png,0.204935
63-1-11.png,0.240227
63-1-12.png,0.281314
63-1-13.png,0.315405
63-1-14.png,0.359958
63-1-15.png,0.402532
63-1-16.png,0.444239
63-1-17.png,0.487169
63-1-18.png,0.532071
63-1-19.png,0.578686
63-1-20.png,0.615409
63-1-21.png,0.819603
63-1-22.png,1.056846
64-1-02.png,0.0031626
64-1-03.png,0.0082039
64-1-04.png,0.0150549
64-1-05.png,0.0240524
64-1-06.png,0.0419623
64-1-07.png,0.06086
64-1-08.png,0.080015
64-1-09.png,0.109318
64-1-10.png,0.137887
64-1-11.png,0.164519
64-1-12.png,0.192734
64-1-13.png,0.221044
64-1-14.png,0.249425
64-1-15.png,0.284983
64-1-16.png,0.316007
64-1-19.png,0.420586
64-1-20.png,0.427125
64-1-21.png,0.436938
64-1-22.png,0.470616
64-1-23.png,0.494272
64-1-24.png,0.522212
64-1-25.png,0.550701
64-1-26.png,0.555594
64-1-27.png,0.570726
64-1-28.png,0.586514
64-1-29.png,0.614116
64-1-30.png,0.624407
64-1-31.png,0.644033
64-1-32.png,0.664093
64-1-33.png,0.669129
64-1-34.png,0.70063
64-1-37.png,0.75791
64-1-38.png,0.782232
64-1-39.png,0.808938
64-1-40.png,0.838638
64-1-41.png,0.860938
64-1-43.png,0.937157
64-1-44.png,0.999874
66-1-01.png,0.000001
66-1-02.png,0.0054929
66-1-03.png,0.0154586
66-1-04.png,0.0320326
66-1-05.png,0.0526495
66-1-06.png,0.0766969
66-1-07.png,0.1065443
66-1-08.png,0.13707
66-1-09.png,0.1653852
66-1-10.png,0.195773
66-1-11.png,0.22805
66-1-12.png,0.260095
66-1-13.png,0.288965
66-1-14.png,0.329795
66-1-15.png,0.363361
66-1-17.png,0.445246
66-1-18.png,0.479322
66-1-19.png,0.517866
66-1-20.png,0.567035
66-1-21.png,0.765596
66-1-22.png,0.992644
68-1-01.png,0.0000003
68-1-02.png,0.0027025
68-1-03.png,0.0069123
68-1-04.png,0.0127581
68-1-05.png,0.0215954
68-1-06.png,0.0305933
68-1-07.png,0.041924
68-1-08.png,0.054092
68-1-10.png,0.077665
68-1-11.png,0.089719
68-1-12.png,0.112707
68-1-13.png,0.135564
68-1-14.png,0.162753
68-1-15.png,0.185029
68-1-16.png,0.20156
68-1-17.png,0.207624
68-1-18.png,0.214469
68-1-19.png,0.220162
68-1-20.png,0.22217
68-1-21.png,0.22855
68-1-22.png,0.24119
68-1-23.png,0.246278
68-1-24.png,0.252134
68-1-25.png,0.2575
68-1-26.png,0.264442
68-1-27.png,0.269508
68-1-29.png,0.281196
68-1-30.png,0.286965
68-1-31.png,0.292776
68-1-32.png,0.298048
68-1-34.png,0.311191
68-1-35.png,0.318337
68-1-36.png,0.329532
68-1-37.png,0.335136
68-1-39.png,0.347604
68-1-40.png,0.355448
68-1-42.png,0.37671
68-1-43.png,0.382492
68-1-44.png,0.38977
68-1-45.png,0.398757
68-1-46.png,0.410277
68-1-47.png,0.423701
68-1-48.png,0.434226
68-1-49.png,0.443099
68-1-50.png,0.456039
68-1-51.png,0.465268
68-1-52.png,0.479588
68-1-53.png,0.489059
69-1-01.png,0.0000016
69-1-02.png,0.005694
69-1-03.png,0.0158521
69-1-04.png,0.0295648
69-1-05.png,0.0472735
69-1-06.png,0.0653049
69-1-07.png,0.0903499
69-1-08.png,0.1126756
69-1-09.png,0.13345
69-1-12.png,0.219141
69-1-13.png,0.247512
69-1-14.png,0.280062
69-1-15.png,0.312915
69-1-16.png,0.338772
69-1-17.png,0.377917
69-1-18.png,0.407261
69-1-19.png,0.442397
69-1-20.png,0.447528
69-1-21.png,0.455352
69-1-22.png,0.503946
69-1-24.png,0.546712
69-1-25.png,0.555022
69-1-26.png,0.575265
69-1-27.png,0.589336
69-1-28.png,0.629704
69-1-29.png,0.641502
69-1-30.png,0.668248
69-1-31.png,0.711865
69-1-32.png,0.721336
69-1-33.png,0.761253
69-1-34.png,0.772152
69-1-35.png,0.808895
69-1-36.png,0.831444
69-1-37.png,0.85291
69-1-38.png,0.898963
69-1-39.png,0.915222
69-1-41.png,0.994068
70-1-01.png,0.0000009
70-1-02.png,0.0038636
70-1-03.png,0.0108925
70-1-04.png,0.0194975
70-1-05.png,0.0301251
70-1-06.png,0.0431989
70-1-07.png,0.0569136
70-1-08.png,0.071107
70-1-09.png,0.086393
70-1-10.png,0.108386
70-1-11.png,0.125375
70-1-12.png,0.140801
70-1-14.png,0.192992
70-1-15.png,0.219485
70-1-17.png,0.264263
70-1-19.png,0.274159
70-1-20.png,0.282608
70-1-21.png,0.286575
70-1-22.png,0.291596
70-1-23.png,0.304757
70-1-24.png,0.308895
70-1-25.png,0.31512
70-1-26.png,0.322161
70-1-27.png,0.331619
70-1-29.png,0.349027
70-1-30.png,0.35614
70-1-31.png,0.367293
70-1-32.png,0.374443
70-1-33.png,0.381518
70-1-34.png,0.389364
70-1-36.png,0.409067
70-1-38.png,0.42385
70-1-39.png,0.434248
70-1-40.png,0.446159
70-1-41.png,0.457134
70-1-42.png,0.46773
70-1-43.png,0.477991
70-1-44.png,0.488
70-1-45.png,0.499083
70-1-46.png,0.511413
70-1-47.png,0.526985
70-1-48.png,0.536816
70-1-49.png,0.546997
70-1-50.png,0.561627
70-1-51.png,0.579043
70-1-52.png,0.591422
70-1-53.png,0.607522
70-1-54.png,0.62182
71-1-01.png,0.0000009
71-1-02.png,0.0027606
71-1-03.png,0.0073027
71-1-04.png,0.0141925
71-1-05.png,0.0216049
71-1-06.png,0.0302449
71-1-07.png,0.0424752
71-1-08.png,0.053061
71-1-09.png,0.063923
71-1-10.png,0.077406
71-1-11.png,0.091811
71-1-12.png,0.109035
71-1-13.png,0.129772
71-1-14.png,0.146434
71-1-15.png,0.158565
71-1-16.png,0.166123
71-1-17.png,0.17491
71-1-18.png,0.182437
71-1-19.png,0.183808
71-1-20.png,0.185213
71-1-21.png,0.190913
71-1-22.png,0.195705
71-1-23.png,0.202859
71-1-24.png,0.206841
71-1-25.png,0.216629
71-1-26.png,0.22446
71-1-27.png,0.230597
71-1-28.png,0.237243
71-1-29.png,0.243303
71-1-30.png,0.24859
71-1-31.png,0.253736
71-1-32.png,0.259379
71-1-33.png,0.264432
71-1-34.png,0.268937
71-1-35.png,0.273779
71-1-36.png,0.279423
71-1-37.png,0.283657
71-1-38.png,0.289907
71-1-39.png,0.296648
71-1-40.png,0.301565
71-1-41.png,0.307063
71-1-42.png,0.313261
71-1-43.png,0.317856
71-1-44.png,0.321971
71-1-45.png,0.327255
71-1-46.png,0.332498
71-1-48.png,0.343764
71-1-49.png,0.349204
71-1-50.png,0.354551
71-1-51.png,0.360743
71-1-52.png,0.366765
72-1-01.png,0.0000028
72-1-02.png,0.0057764
72-1-03.png,0.0156112
72-1-04.png,0.0322203
72-1-05.png,0.0585022
72-1-06.png,0.0854412
72-1-07.png,0.119916
72-1-08.png,0.152055
72-1-09.png,0.182661
72-1-10.png,0.221747
72-1-11.png,0.254259
72-1-12.png,0.300284
72-1-13.png,0.342817
72-1-14.png,0.38138
72-1-15.png,0.422561
72-1-16.png,0.464665
72-1-17.png,0.509317
72-1-18.png,0.551002
72-1-19.png,0.594489
72-1-20.png,0.640384
72-1-21.png,0.851509
72-1-22.png,1.070987
73-1-01.png,-0.0000002
73-1-02.png,0.0037268
73-1-03.png,0.0100132
73-1-04.png,0.0182326
73-1-05.png,0.032754
73-1-06.png,0.0539689
73-1-07.png,0.0737789
73-1-08.png,0.099043
73-1-09.png,0.121345
73-1-10.png,0.144516
73-1-11.png,0.175592
73-1-13.png,0.231258
73-1-14.png,0.259739
73-1-15.png,0.292158
73-1-16.png,0.326046
73-1-17.png,0.361415
73-1-18.png,0.391371
73-1-19.png,0.437311
73-1-20.png,0.470082
73-1-21.png,0.595913
73-1-22.png,0.623758
73-1-23.png,0.683939
73-1-24.png,0.714115
73-1-25.png,0.779403
73-1-26.png,0.789101
73-1-27.png,0.849237
73-1-28.png,0.859723
73-1-29.png,0.885772
73-1-30.png,0.947173
73-1-31.png,0.958146
73-1-32.png,0.9815
74-1-01.png,0.0000009
74-1-02.png,0.002664
74-1-03.png,0.0068608
74-1-04.png,0.0126725
74-1-05.png,0.0194445
74-1-06.png,0.0311281
74-1-07.png,0.044841
74-1-08.png,0.058613
74-1-10.png,0.085085
74-1-11.png,0.101248
74-1-12.png,0.121685
74-1-13.png,0.15619
74-1-15.png,0.207795
74-1-16.png,0.234372
74-1-17.png,0.25042
74-1-19.png,0.284491
74-1-20.png,0.286015
74-1-21.png,0.294221
74-1-22.png,0.300326
74-1-24.png,0.319276
74-1-25.png,0.32853
74-1-26.png,0.337746
74-1-27.png,0.345301
74-1-28.png,0.35356
74-1-29.png,0.359446
74-1-30.png,0.364691
74-1-32.png,0.386881
74-1-34.png,0.404485
74-1-35.png,0.417205
74-1-37.png,0.44064
74-1-38.png,0.447856
74-1-39.png,0.457292
74-1-40.png,0.473933
74-1-41.png,0.487708
74-1-42.png,0.501754
74-1-43.png,0.516756
74-1-45.png,0.539851
74-1-46.png,0.555295
74-1-48.png,0.585777
74-1-49.png,0.599641
74-1-50.png,0.618033
74-1-51.png,0.629955
74-1-52.png,0.641447
74-1-53.png,0.660476
74-1-54.png,0.682995
